trial	subject	sample	replicate	adriftRead.linkerBarcode.start	adriftRead.linkerBarcode.end	adriftRead.linker.seq	index1.seq	leaderSeqHMM	refGenome.id	adriftRead.linkerRandomID.start	adriftRead.linkerRandomID.end	vectorFastaFile	flags
SCID1_Paris_Cavazzana	pP1	GTSP4088	5	1	20	GTCAATACGACGTCCGTTCCNNNNNNNNNNNNCTCCGCTTAAGGGACT	TGAAAGCGGTCC	Bushman_SCID1.hmm	hg38	21	32	vector_SCID.fasta	HIV_u5
SCID1_Paris_Cavazzana	pP1	GTSP4088	6	1	20	GTCAATACGACGTCCGTTCCNNNNNNNNNNNNCTCCGCTTAAGGGACT	CATAGGACCGTG	Bushman_SCID1.hmm	hg38	21	32	vector_SCID.fasta	HIV_u5
SCID1_Paris_Cavazzana	pP1	GTSP4088	7	1	20	GTCAATACGACGTCCGTTCCNNNNNNNNNNNNCTCCGCTTAAGGGACT	CGTGGCGTAAGT	Bushman_SCID1.hmm	hg38	21	32	vector_SCID.fasta	HIV_u5
SCID1_Paris_Cavazzana	pP1	GTSP4088	8	1	20	GTCAATACGACGTCCGTTCCNNNNNNNNNNNNCTCCGCTTAAGGGACT	TCAGATCCGATG	Bushman_SCID1.hmm	hg38	21	32	vector_SCID.fasta	HIV_u5
SCID1_Paris_Cavazzana	pP6	GTSP4089	5	1	20	TAGCCTGTTGCGTTCCGTGTNNNNNNNNNNNNCTCCGCTTAAGGGACT	ATGGAAGACATG	Bushman_SCID1.hmm	hg38	21	32	vector_SCID.fasta	HIV_u5
SCID1_Paris_Cavazzana	pP6	GTSP4089	6	1	20	TAGCCTGTTGCGTTCCGTGTNNNNNNNNNNNNCTCCGCTTAAGGGACT	GCCAACTGTAAC	Bushman_SCID1.hmm	hg38	21	32	vector_SCID.fasta	HIV_u5
SCID1_Paris_Cavazzana	pP6	GTSP4089	7	1	20	TAGCCTGTTGCGTTCCGTGTNNNNNNNNNNNNCTCCGCTTAAGGGACT	GTAACGAGTCCG	Bushman_SCID1.hmm	hg38	21	32	vector_SCID.fasta	HIV_u5
SCID1_Paris_Cavazzana	pP6	GTSP4089	8	1	20	TAGCCTGTTGCGTTCCGTGTNNNNNNNNNNNNCTCCGCTTAAGGGACT	TCCAGTGCGAGA	Bushman_SCID1.hmm	hg38	21	32	vector_SCID.fasta	HIV_u5
SCID1_Paris_Cavazzana	pP9	GTSP4090	5	1	20	CGCAAGTAGACGCAAGGATGNNNNNNNNNNNNCTCCGCTTAAGGGACT	AGCCTCTAAATC	Bushman_SCID1.hmm	hg38	21	32	vector_SCID.fasta	HIV_u5
SCID1_Paris_Cavazzana	pP9	GTSP4090	6	1	20	CGCAAGTAGACGCAAGGATGNNNNNNNNNNNNCTCCGCTTAAGGGACT	TTAACGGCTGAC	Bushman_SCID1.hmm	hg38	21	32	vector_SCID.fasta	HIV_u5
SCID1_Paris_Cavazzana	pP9	GTSP4090	7	1	20	CGCAAGTAGACGCAAGGATGNNNNNNNNNNNNCTCCGCTTAAGGGACT	TCCAGAAACCGT	Bushman_SCID1.hmm	hg38	21	32	vector_SCID.fasta	HIV_u5
SCID1_Paris_Cavazzana	pP9	GTSP4090	8	1	20	CGCAAGTAGACGCAAGGATGNNNNNNNNNNNNCTCCGCTTAAGGGACT	CAATATGGCTGC	Bushman_SCID1.hmm	hg38	21	32	vector_SCID.fasta	HIV_u5
SCID1_Paris_Cavazzana	pP9	GTSP4091	5	1	20	GTCAGCACTATCGGACCATCNNNNNNNNNNNNCTCCGCTTAAGGGACT	TAGCACACCTAT	Bushman_SCID1.hmm	hg38	21	32	vector_SCID.fasta	HIV_u5
SCID1_Paris_Cavazzana	pP9	GTSP4091	6	1	20	GTCAGCACTATCGGACCATCNNNNNNNNNNNNCTCCGCTTAAGGGACT	CACTAGCTAGGT	Bushman_SCID1.hmm	hg38	21	32	vector_SCID.fasta	HIV_u5
SCID1_Paris_Cavazzana	pP9	GTSP4091	7	1	20	GTCAGCACTATCGGACCATCNNNNNNNNNNNNCTCCGCTTAAGGGACT	CAGTGTCAGGAC	Bushman_SCID1.hmm	hg38	21	32	vector_SCID.fasta	HIV_u5
SCID1_Paris_Cavazzana	pP9	GTSP4091	8	1	20	GTCAGCACTATCGGACCATCNNNNNNNNNNNNCTCCGCTTAAGGGACT	TTAGTTGAGTCC	Bushman_SCID1.hmm	hg38	21	32	vector_SCID.fasta	HIV_u5
SCID1_Paris_Cavazzana	pP9	GTSP4092	5	1	20	ATCCTCGCAGGTACACGTTGNNNNNNNNNNNNCTCCGCTTAAGGGACT	ACGAACCCGTAT	Bushman_SCID1.hmm	hg38	21	32	vector_SCID.fasta	HIV_u5
SCID1_Paris_Cavazzana	pP9	GTSP4092	6	1	20	ATCCTCGCAGGTACACGTTGNNNNNNNNNNNNCTCCGCTTAAGGGACT	ACAGGTGAAAGG	Bushman_SCID1.hmm	hg38	21	32	vector_SCID.fasta	HIV_u5
SCID1_Paris_Cavazzana	pP9	GTSP4092	7	1	20	ATCCTCGCAGGTACACGTTGNNNNNNNNNNNNCTCCGCTTAAGGGACT	GAGCTGGCTGAT	Bushman_SCID1.hmm	hg38	21	32	vector_SCID.fasta	HIV_u5
SCID1_Paris_Cavazzana	pP9	GTSP4092	8	1	20	ATCCTCGCAGGTACACGTTGNNNNNNNNNNNNCTCCGCTTAAGGGACT	ACGTTGTGGAGC	Bushman_SCID1.hmm	hg38	21	32	vector_SCID.fasta	HIV_u5
SCID1_Paris_Cavazzana	pP9	GTSP4093	5	1	20	GATCAGCGTGGTCTAACCGANNNNNNNNNNNNCTCCGCTTAAGGGACT	TGCGCACTCCTT	Bushman_SCID1.hmm	hg38	21	32	vector_SCID.fasta	HIV_u5
SCID1_Paris_Cavazzana	pP9	GTSP4093	6	1	20	GATCAGCGTGGTCTAACCGANNNNNNNNNNNNCTCCGCTTAAGGGACT	GATCCTTTCCCT	Bushman_SCID1.hmm	hg38	21	32	vector_SCID.fasta	HIV_u5
SCID1_Paris_Cavazzana	pP9	GTSP4093	7	1	20	GATCAGCGTGGTCTAACCGANNNNNNNNNNNNCTCCGCTTAAGGGACT	CAAATGCGTCGT	Bushman_SCID1.hmm	hg38	21	32	vector_SCID.fasta	HIV_u5
SCID1_Paris_Cavazzana	pP9	GTSP4093	8	1	20	GATCAGCGTGGTCTAACCGANNNNNNNNNNNNCTCCGCTTAAGGGACT	CTTGGAGTGACG	Bushman_SCID1.hmm	hg38	21	32	vector_SCID.fasta	HIV_u5
SCID1_Paris_Cavazzana	pP9	GTSP4094	5	1	20	GACAGACCGCAAACAGTTGGNNNNNNNNNNNNCTCCGCTTAAGGGACT	GCCTTTGTGTAA	Bushman_SCID1.hmm	hg38	21	32	vector_SCID.fasta	HIV_u5
SCID1_Paris_Cavazzana	pP9	GTSP4094	6	1	20	GACAGACCGCAAACAGTTGGNNNNNNNNNNNNCTCCGCTTAAGGGACT	CACGGACTATAC	Bushman_SCID1.hmm	hg38	21	32	vector_SCID.fasta	HIV_u5
SCID1_Paris_Cavazzana	pP9	GTSP4094	7	1	20	GACAGACCGCAAACAGTTGGNNNNNNNNNNNNCTCCGCTTAAGGGACT	GAGAACCGAGAA	Bushman_SCID1.hmm	hg38	21	32	vector_SCID.fasta	HIV_u5
SCID1_Paris_Cavazzana	pP9	GTSP4094	8	1	20	GACAGACCGCAAACAGTTGGNNNNNNNNNNNNCTCCGCTTAAGGGACT	CATACCAGTAGC	Bushman_SCID1.hmm	hg38	21	32	vector_SCID.fasta	HIV_u5
SCID1_Paris_Cavazzana	pP9	GTSP4095	5	1	20	ACGAGGCAAACACTGCGCATNNNNNNNNNNNNCTCCGCTTAAGGGACT	GTGTGTGTCAGG	Bushman_SCID1.hmm	hg38	21	32	vector_SCID.fasta	HIV_u5
SCID1_Paris_Cavazzana	pP9	GTSP4095	6	1	20	ACGAGGCAAACACTGCGCATNNNNNNNNNNNNCTCCGCTTAAGGGACT	GGCTAAACGCTG	Bushman_SCID1.hmm	hg38	21	32	vector_SCID.fasta	HIV_u5
SCID1_Paris_Cavazzana	pP9	GTSP4095	7	1	20	ACGAGGCAAACACTGCGCATNNNNNNNNNNNNCTCCGCTTAAGGGACT	AGTAGCCATACC	Bushman_SCID1.hmm	hg38	21	32	vector_SCID.fasta	HIV_u5
SCID1_Paris_Cavazzana	pP9	GTSP4095	8	1	20	ACGAGGCAAACACTGCGCATNNNNNNNNNNNNCTCCGCTTAAGGGACT	CTGTGACATTGT	Bushman_SCID1.hmm	hg38	21	32	vector_SCID.fasta	HIV_u5
SCID1_Paris_Cavazzana	UninfectedControl-210310-MN	UninfectedControl-210310-MN	5	1	20	TGACCCGATGCGTAAAGGCANNNNNNNNNNNNCTCCGCTTAAGGGACT	ACACACTATGGC	Bushman_SCID1.hmm	hg38	21	32	vector_SCID.fasta	HIV_u5
SCID1_Paris_Cavazzana	UninfectedControl-210310-MN	UninfectedControl-210310-MN	6	1	20	TGACCCGATGCGTAAAGGCANNNNNNNNNNNNCTCCGCTTAAGGGACT	AATTTCGGGACC	Bushman_SCID1.hmm	hg38	21	32	vector_SCID.fasta	HIV_u5
SCID1_Paris_Cavazzana	UninfectedControl-210310-MN	UninfectedControl-210310-MN	7	1	20	TGACCCGATGCGTAAAGGCANNNNNNNNNNNNCTCCGCTTAAGGGACT	AATTATCTCGGC	Bushman_SCID1.hmm	hg38	21	32	vector_SCID.fasta	HIV_u5
SCID1_Paris_Cavazzana	UninfectedControl-210310-MN	UninfectedControl-210310-MN	8	1	20	TGACCCGATGCGTAAAGGCANNNNNNNNNNNNCTCCGCTTAAGGGACT	TTCGATACTCGA	Bushman_SCID1.hmm	hg38	21	32	vector_SCID.fasta	HIV_u5
SCID1_Paris_Cavazzana	NoTemplateControl-210310-MN	NoTemplateControl-210310-MN	5	1	20	CCGCGTGTCTTAACAGTCGTNNNNNNNNNNNNCTCCGCTTAAGGGACT	AGAAGATAGGGC	Bushman_SCID1.hmm	hg38	21	32	vector_SCID.fasta	HIV_u5
SCID1_Paris_Cavazzana	NoTemplateControl-210310-MN	NoTemplateControl-210310-MN	6	1	20	CCGCGTGTCTTAACAGTCGTNNNNNNNNNNNNCTCCGCTTAAGGGACT	AATTGCGTACCT	Bushman_SCID1.hmm	hg38	21	32	vector_SCID.fasta	HIV_u5
SCID1_Paris_Cavazzana	NoTemplateControl-210310-MN	NoTemplateControl-210310-MN	7	1	20	CCGCGTGTCTTAACAGTCGTNNNNNNNNNNNNCTCCGCTTAAGGGACT	GATAATAGGGAC	Bushman_SCID1.hmm	hg38	21	32	vector_SCID.fasta	HIV_u5
SCID1_Paris_Cavazzana	NoTemplateControl-210310-MN	NoTemplateControl-210310-MN	8	1	20	CCGCGTGTCTTAACAGTCGTNNNNNNNNNNNNCTCCGCTTAAGGGACT	GGATATGTCCCA	Bushman_SCID1.hmm	hg38	21	32	vector_SCID.fasta	HIV_u5
