trial	subject	sample	replicate	adriftReadLinkerSeq	index1Seq	refGenome	vectorFastaFile	anchorReadStartSeq	flags
MyTrial	tumor1_1	GTSP4898	1	GTCAGCACTATCGGACCATCNNNNNNNNNNNNCTCCGCTTAAGGGACT	TCGTTGGATGGT	hg38	vector.fasta	TCTGCGCGCTCGCTC	AAV
MyTrial	tumor1_1	GTSP4898	2	GTCAGCACTATCGGACCATCNNNNNNNNNNNNCTCCGCTTAAGGGACT	TCCTCCTATTGC	hg38	vector.fasta	TCTGCGCGCTCGCTC	AAV
MyTrial	tumor1_1	GTSP4898	3	GTCAGCACTATCGGACCATCNNNNNNNNNNNNCTCCGCTTAAGGGACT	AGTGACGTTCGG	hg38	vector.fasta	TCTGCGCGCTCGCTC	AAV
MyTrial	tumor1_1	GTSP4898	4	GTCAGCACTATCGGACCATCNNNNNNNNNNNNCTCCGCTTAAGGGACT	TGGTGTTGGTGT	hg38	vector.fasta	TCTGCGCGCTCGCTC	AAV
MyTrial	tumor1_2	GTSP4899	1	ATCCTCGCAGGTACACGTTGNNNNNNNNNNNNCTCCGCTTAAGGGACT	CCTATGTGATGG	hg38	vector.fasta	TCTGCGCGCTCGCTC	AAV
MyTrial	tumor1_2	GTSP4899	2	ATCCTCGCAGGTACACGTTGNNNNNNNNNNNNCTCCGCTTAAGGGACT	TTCTCCGTGTCG	hg38	vector.fasta	TCTGCGCGCTCGCTC	AAV
MyTrial	tumor1_2	GTSP4899	3	ATCCTCGCAGGTACACGTTGNNNNNNNNNNNNCTCCGCTTAAGGGACT	TGTCATAGGTTC	hg38	vector.fasta	TCTGCGCGCTCGCTC	AAV
MyTrial	tumor1_2	GTSP4899	4	ATCCTCGCAGGTACACGTTGNNNNNNNNNNNNCTCCGCTTAAGGGACT	TATTACCGGCAT	hg38	vector.fasta	TCTGCGCGCTCGCTC	AAV
MyTrial	tumor2_1	GTSP4900	1	GATCAGCGTGGTCTAACCGANNNNNNNNNNNNCTCCGCTTAAGGGACT	GTAGAGCTGTTC	hg38	vector.fasta	TCTGCGCGCTCGCTC	AAV
MyTrial	tumor2_1	GTSP4900	2	GATCAGCGTGGTCTAACCGANNNNNNNNNNNNCTCCGCTTAAGGGACT	GGTATGACTCAC	hg38	vector.fasta	TCTGCGCGCTCGCTC	AAV
MyTrial	tumor2_1	GTSP4900	3	GATCAGCGTGGTCTAACCGANNNNNNNNNNNNCTCCGCTTAAGGGACT	CAGTAACGGCCA	hg38	vector.fasta	TCTGCGCGCTCGCTC	AAV
MyTrial	tumor2_1	GTSP4900	4	GATCAGCGTGGTCTAACCGANNNNNNNNNNNNCTCCGCTTAAGGGACT	ATGGCAGCTCTA	hg38	vector.fasta	TCTGCGCGCTCGCTC	AAV
MyTrial	tumor2_2	GTSP4901	1	GACAGACCGCAAACAGTTGGNNNNNNNNNNNNCTCCGCTTAAGGGACT	TTGCCACTAGAT	hg38	vector.fasta	TCTGCGCGCTCGCTC	AAV
MyTrial	tumor2_2	GTSP4901	2	GACAGACCGCAAACAGTTGGNNNNNNNNNNNNCTCCGCTTAAGGGACT	TCCCATTGAAGG	hg38	vector.fasta	TCTGCGCGCTCGCTC	AAV
MyTrial	tumor2_2	GTSP4901	3	GACAGACCGCAAACAGTTGGNNNNNNNNNNNNCTCCGCTTAAGGGACT	CGATGTCGTCAA	hg38	vector.fasta	TCTGCGCGCTCGCTC	AAV
MyTrial	tumor2_2	GTSP4901	4	GACAGACCGCAAACAGTTGGNNNNNNNNNNNNCTCCGCTTAAGGGACT	TGCTCAGTATGT	hg38	vector.fasta	TCTGCGCGCTCGCTC	AAV
MyTrial	nonTumor1_1	GTSP4902	1	ACGAGGCAAACACTGCGCATNNNNNNNNNNNNCTCCGCTTAAGGGACT	CATAGTTTAGCC	hg38	vector.fasta	TCTGCGCGCTCGCTC	AAV
MyTrial	nonTumor1_1	GTSP4902	2	ACGAGGCAAACACTGCGCATNNNNNNNNNNNNCTCCGCTTAAGGGACT	GGCTCTGCTCTT	hg38	vector.fasta	TCTGCGCGCTCGCTC	AAV
MyTrial	nonTumor1_1	GTSP4902	3	ACGAGGCAAACACTGCGCATNNNNNNNNNNNNCTCCGCTTAAGGGACT	CGTGATCTCTCC	hg38	vector.fasta	TCTGCGCGCTCGCTC	AAV
MyTrial	nonTumor1_1	GTSP4902	4	ACGAGGCAAACACTGCGCATNNNNNNNNNNNNCTCCGCTTAAGGGACT	TTCACGGGTTGA	hg38	vector.fasta	TCTGCGCGCTCGCTC	AAV
MyTrial	nonTumor1_2	GTSP4903	1	TGACCCGATGCGTAAAGGCANNNNNNNNNNNNCTCCGCTTAAGGGACT	CGTGTTTCAAAC	hg38	vector.fasta	TCTGCGCGCTCGCTC	AAV
MyTrial	nonTumor1_2	GTSP4903	2	TGACCCGATGCGTAAAGGCANNNNNNNNNNNNCTCCGCTTAAGGGACT	ACCTGTCTCTCT	hg38	vector.fasta	TCTGCGCGCTCGCTC	AAV
MyTrial	nonTumor1_2	GTSP4903	3	TGACCCGATGCGTAAAGGCANNNNNNNNNNNNCTCCGCTTAAGGGACT	ATGCACTGGCGA	hg38	vector.fasta	TCTGCGCGCTCGCTC	AAV
MyTrial	nonTumor1_2	GTSP4903	4	TGACCCGATGCGTAAAGGCANNNNNNNNNNNNCTCCGCTTAAGGGACT	AGAGTCCTGAGC	hg38	vector.fasta	TCTGCGCGCTCGCTC	AAV
MyTrial	nonTumor2_1	GTSP4904	1	CCGCGTGTCTTAACAGTCGTNNNNNNNNNNNNCTCCGCTTAAGGGACT	GCACCCAAAGTG	hg38	vector.fasta	TCTGCGCGCTCGCTC	AAV
MyTrial	nonTumor2_1	GTSP4904	2	CCGCGTGTCTTAACAGTCGTNNNNNNNNNNNNCTCCGCTTAAGGGACT	TGCCAGGCTAGA	hg38	vector.fasta	TCTGCGCGCTCGCTC	AAV
MyTrial	nonTumor2_1	GTSP4904	3	CCGCGTGTCTTAACAGTCGTNNNNNNNNNNNNCTCCGCTTAAGGGACT	ACGCATTGCATT	hg38	vector.fasta	TCTGCGCGCTCGCTC	AAV
MyTrial	nonTumor2_1	GTSP4904	4	CCGCGTGTCTTAACAGTCGTNNNNNNNNNNNNCTCCGCTTAAGGGACT	ATGACTCATTCG	hg38	vector.fasta	TCTGCGCGCTCGCTC	AAV
MyTrial	nonTumor2_2	GTSP4905	1	TACGGATGGTCTGAGGGCTTNNNNNNNNNNNNCTCCGCTTAAGGGACT	ATTCTAGCGTTG	hg38	vector.fasta	TCTGCGCGCTCGCTC	AAV
MyTrial	nonTumor2_2	GTSP4905	2	TACGGATGGTCTGAGGGCTTNNNNNNNNNNNNCTCCGCTTAAGGGACT	ATGGGCTCTGAT	hg38	vector.fasta	TCTGCGCGCTCGCTC	AAV
MyTrial	nonTumor2_2	GTSP4905	3	TACGGATGGTCTGAGGGCTTNNNNNNNNNNNNCTCCGCTTAAGGGACT	TGGCTCTACAGA	hg38	vector.fasta	TCTGCGCGCTCGCTC	AAV
MyTrial	nonTumor2_2	GTSP4905	4	TACGGATGGTCTGAGGGCTTNNNNNNNNNNNNCTCCGCTTAAGGGACT	ACCTAGAGTCGG	hg38	vector.fasta	TCTGCGCGCTCGCTC	AAV
