trial	subject	sample	replicate	adriftRead.linker.seq	index1.seq	refGenome.id	vectorFastaFile	leaderSeqHMM	flags
Jones	p1	GTSP4938	1	ACTCGGTAACTCACCGGATGNNNNNNNNNNNNCTCCGCTTAAGGGACT	TCCCAACCTAGG	hg38	HIV-1_reference.fasta	u5_100.hmm	IN_u5
Jones	p1	GTSP4938	2	ACTCGGTAACTCACCGGATGNNNNNNNNNNNNCTCCGCTTAAGGGACT	TAGAATCAACGC	hg38	HIV-1_reference.fasta	u5_100.hmm	IN_u5
Jones	p1	GTSP4938	3	ACTCGGTAACTCACCGGATGNNNNNNNNNNNNCTCCGCTTAAGGGACT	CACAATACACCG	hg38	HIV-1_reference.fasta	u5_100.hmm	IN_u5
Jones	p1	GTSP4938	4	ACTCGGTAACTCACCGGATGNNNNNNNNNNNNCTCCGCTTAAGGGACT	GTATGACTAGCA	hg38	HIV-1_reference.fasta	u5_100.hmm	IN_u5
Jones	p2	GTSP4939	1	TGTCGTGAATCCGTGTGTCCNNNNNNNNNNNNCTCCGCTTAAGGGACT	ATGCTCTAGAGA	hg38	HIV-1_reference.fasta	u5_100.hmm	IN_u5
Jones	p2	GTSP4939	2	TGTCGTGAATCCGTGTGTCCNNNNNNNNNNNNCTCCGCTTAAGGGACT	AGCTAGCGTTCA	hg38	HIV-1_reference.fasta	u5_100.hmm	IN_u5
Jones	p2	GTSP4939	3	TGTCGTGAATCCGTGTGTCCNNNNNNNNNNNNCTCCGCTTAAGGGACT	GGTCTTAGCACC	hg38	HIV-1_reference.fasta	u5_100.hmm	IN_u5
Jones	p2	GTSP4939	4	TGTCGTGAATCCGTGTGTCCNNNNNNNNNNNNCTCCGCTTAAGGGACT	TACCATCCATCT	hg38	HIV-1_reference.fasta	u5_100.hmm	IN_u5
Jones	p3	GTSP4940	1	GTTGCCGAACATGACGGGATNNNNNNNNNNNNCTCCGCTTAAGGGACT	AGGGATGGACCA	hg38	HIV-1_reference.fasta	u5_100.hmm	IN_u5
Jones	p3	GTSP4940	2	GTTGCCGAACATGACGGGATNNNNNNNNNNNNCTCCGCTTAAGGGACT	ACTAATACGCGA	hg38	HIV-1_reference.fasta	u5_100.hmm	IN_u5
Jones	p3	GTSP4940	3	GTTGCCGAACATGACGGGATNNNNNNNNNNNNCTCCGCTTAAGGGACT	TCATACAGCCAG	hg38	HIV-1_reference.fasta	u5_100.hmm	IN_u5
Jones	p3	GTSP4940	4	GTTGCCGAACATGACGGGATNNNNNNNNNNNNCTCCGCTTAAGGGACT	GGAGGCCATAAG	hg38	HIV-1_reference.fasta	u5_100.hmm	IN_u5
Jones	p4	GTSP4941	1	TGTGAACGCGAGAACCTCTGNNNNNNNNNNNNCTCCGCTTAAGGGACT	GTCCGATCCTAG	hg38	HIV-1_reference.fasta	u5_100.hmm	IN_u5
Jones	p4	GTSP4941	2	TGTGAACGCGAGAACCTCTGNNNNNNNNNNNNCTCCGCTTAAGGGACT	CTGTGGGATTCA	hg38	HIV-1_reference.fasta	u5_100.hmm	IN_u5
Jones	p4	GTSP4941	3	TGTGAACGCGAGAACCTCTGNNNNNNNNNNNNCTCCGCTTAAGGGACT	TTGTCTACCTAC	hg38	HIV-1_reference.fasta	u5_100.hmm	IN_u5
Jones	p4	GTSP4941	4	TGTGAACGCGAGAACCTCTGNNNNNNNNNNNNCTCCGCTTAAGGGACT	GAAGGCTCCTTA	hg38	HIV-1_reference.fasta	u5_100.hmm	IN_u5
Jones	p5	GTSP4942	1	TCCTCGGACAGACTACCTAGNNNNNNNNNNNNCTCCGCTTAAGGGACT	GGCAATCATCTG	hg38	HIV-1_reference.fasta	u5_100.hmm	IN_u5
Jones	p5	GTSP4942	2	TCCTCGGACAGACTACCTAGNNNNNNNNNNNNCTCCGCTTAAGGGACT	TATCGCGCGATA	hg38	HIV-1_reference.fasta	u5_100.hmm	IN_u5
Jones	p5	GTSP4942	3	TCCTCGGACAGACTACCTAGNNNNNNNNNNNNCTCCGCTTAAGGGACT	TACGGTCTGGAT	hg38	HIV-1_reference.fasta	u5_100.hmm	IN_u5
Jones	p5	GTSP4942	4	TCCTCGGACAGACTACCTAGNNNNNNNNNNNNCTCCGCTTAAGGGACT	TCGTTCAGGACC	hg38	HIV-1_reference.fasta	u5_100.hmm	IN_u5
Jones	p6	GTSP4943	1	TACGGCGAACGACAAGGCATNNNNNNNNNNNNCTCCGCTTAAGGGACT	CATCAGTACGCC	hg38	HIV-1_reference.fasta	u5_100.hmm	IN_u5
Jones	p6	GTSP4943	2	TACGGCGAACGACAAGGCATNNNNNNNNNNNNCTCCGCTTAAGGGACT	TAGAACACCATG	hg38	HIV-1_reference.fasta	u5_100.hmm	IN_u5
Jones	p6	GTSP4943	3	TACGGCGAACGACAAGGCATNNNNNNNNNNNNCTCCGCTTAAGGGACT	CCGCATGACCTA	hg38	HIV-1_reference.fasta	u5_100.hmm	IN_u5
Jones	p6	GTSP4943	4	TACGGCGAACGACAAGGCATNNNNNNNNNNNNCTCCGCTTAAGGGACT	GAGAATGGAAAG	hg38	HIV-1_reference.fasta	u5_100.hmm	IN_u5
Jones	p7	GTSP4944	1	GCGCGAATGGAAATCGGTAGNNNNNNNNNNNNCTCCGCTTAAGGGACT	AACCCTAACTGG	hg38	HIV-1_reference.fasta	u5_100.hmm	IN_u5
Jones	p7	GTSP4944	2	GCGCGAATGGAAATCGGTAGNNNNNNNNNNNNCTCCGCTTAAGGGACT	TCCATACCGGAA	hg38	HIV-1_reference.fasta	u5_100.hmm	IN_u5
Jones	p7	GTSP4944	3	GCGCGAATGGAAATCGGTAGNNNNNNNNNNNNCTCCGCTTAAGGGACT	GTTCAGACTAGC	hg38	HIV-1_reference.fasta	u5_100.hmm	IN_u5
Jones	p7	GTSP4944	4	GCGCGAATGGAAATCGGTAGNNNNNNNNNNNNCTCCGCTTAAGGGACT	GACACCACAATA	hg38	HIV-1_reference.fasta	u5_100.hmm	IN_u5
Jones	p8	GTSP4945	1	GAGAACGGTTGACGTGTTCGNNNNNNNNNNNNCTCCGCTTAAGGGACT	CGATTTAGGCCA	hg38	HIV-1_reference.fasta	u5_100.hmm	IN_u5
Jones	p8	GTSP4945	2	GAGAACGGTTGACGTGTTCGNNNNNNNNNNNNCTCCGCTTAAGGGACT	AGGATATTCGTG	hg38	HIV-1_reference.fasta	u5_100.hmm	IN_u5
Jones	p8	GTSP4945	3	GAGAACGGTTGACGTGTTCGNNNNNNNNNNNNCTCCGCTTAAGGGACT	CAATACGACCGT	hg38	HIV-1_reference.fasta	u5_100.hmm	IN_u5
Jones	p8	GTSP4945	4	GAGAACGGTTGACGTGTTCGNNNNNNNNNNNNCTCCGCTTAAGGGACT	GCCATGTGTGTA	hg38	HIV-1_reference.fasta	u5_100.hmm	IN_u5
Jones	p9	GTSP4946	1	CCATAGCACGGGTTTACGTCNNNNNNNNNNNNCTCCGCTTAAGGGACT	GACTCCTAGACC	hg38	HIV-1_reference.fasta	u5_100.hmm	IN_u5
Jones	p9	GTSP4946	2	CCATAGCACGGGTTTACGTCNNNNNNNNNNNNCTCCGCTTAAGGGACT	AAGGCAAGAAGA	hg38	HIV-1_reference.fasta	u5_100.hmm	IN_u5
Jones	p9	GTSP4946	3	CCATAGCACGGGTTTACGTCNNNNNNNNNNNNCTCCGCTTAAGGGACT	ACGAGGAGTCGA	hg38	HIV-1_reference.fasta	u5_100.hmm	IN_u5
Jones	p9	GTSP4946	4	CCATAGCACGGGTTTACGTCNNNNNNNNNNNNCTCCGCTTAAGGGACT	GCGGTACTACTA	hg38	HIV-1_reference.fasta	u5_100.hmm	IN_u5
Jones	UninfectedControl	20220317-UninfectedControl-MN-1_u5	1	GCGGAAAGACCGATACCATCNNNNNNNNNNNNCTCCGCTTAAGGGACT	TCAGCTGACTAG	hg38	HIV-1_reference.fasta	u5_100.hmm	IN_u5
Jones	UninfectedControl	20220317-UninfectedControl-MN-2_u5	2	GCGGAAAGACCGATACCATCNNNNNNNNNNNNCTCCGCTTAAGGGACT	ACCTGATCCGCA	hg38	HIV-1_reference.fasta	u5_100.hmm	IN_u5
Jones	UninfectedControl	20220317-UninfectedControl-MN-3_u5	3	GCGGAAAGACCGATACCATCNNNNNNNNNNNNCTCCGCTTAAGGGACT	CAAGCTAGCTGT	hg38	HIV-1_reference.fasta	u5_100.hmm	IN_u5
Jones	UninfectedControl	20220317-UninfectedControl-MN-4_u5	4	GCGGAAAGACCGATACCATCNNNNNNNNNNNNCTCCGCTTAAGGGACT	GTGGATAAACTC	hg38	HIV-1_reference.fasta	u5_100.hmm	IN_u5
Jones	NoTemplateControl	20220317-NoTemplateControl-MN-1_u5	1	CCAACGCAAGACATGCAGCANNNNNNNNNNNNCTCCGCTTAAGGGACT	GGTACAATGATC	hg38	HIV-1_reference.fasta	u5_100.hmm	IN_u5
Jones	NoTemplateControl	20220317-NoTemplateControl-MN-2_u5	2	CCAACGCAAGACATGCAGCANNNNNNNNNNNNCTCCGCTTAAGGGACT	ACTGTCGCAGTA	hg38	HIV-1_reference.fasta	u5_100.hmm	IN_u5
Jones	NoTemplateControl	20220317-NoTemplateControl-MN-3_u5	3	CCAACGCAAGACATGCAGCANNNNNNNNNNNNCTCCGCTTAAGGGACT	CATCCTGAGCAA	hg38	HIV-1_reference.fasta	u5_100.hmm	IN_u5
Jones	NoTemplateControl	20220317-NoTemplateControl-MN-4_u5	4	CCAACGCAAGACATGCAGCANNNNNNNNNNNNCTCCGCTTAAGGGACT	CAACATCGTAGC	hg38	HIV-1_reference.fasta	u5_100.hmm	IN_u5
Jones	p1	GTSP4938	5	ACTCGGTAACTCACCGGATGNNNNNNNNNNNNCTCCGCTTAAGGGACT	TGGTCCTACAAG	hg38	HIV-1_reference.fasta	u3_100_rc.hmm	IN_u3
Jones	p1	GTSP4938	6	ACTCGGTAACTCACCGGATGNNNNNNNNNNNNCTCCGCTTAAGGGACT	CGCTATCCAGAC	hg38	HIV-1_reference.fasta	u3_100_rc.hmm	IN_u3
Jones	p1	GTSP4938	7	ACTCGGTAACTCACCGGATGNNNNNNNNNNNNCTCCGCTTAAGGGACT	GCTTACGTAGGT	hg38	HIV-1_reference.fasta	u3_100_rc.hmm	IN_u3
Jones	p1	GTSP4938	8	ACTCGGTAACTCACCGGATGNNNNNNNNNNNNCTCCGCTTAAGGGACT	AGTTGGTTACGA	hg38	HIV-1_reference.fasta	u3_100_rc.hmm	IN_u3
Jones	p2	GTSP4939	5	TGTCGTGAATCCGTGTGTCCNNNNNNNNNNNNCTCCGCTTAAGGGACT	CTCTACGAACAG	hg38	HIV-1_reference.fasta	u3_100_rc.hmm	IN_u3
Jones	p2	GTSP4939	6	TGTCGTGAATCCGTGTGTCCNNNNNNNNNNNNCTCCGCTTAAGGGACT	CCTGTGTTGGTG	hg38	HIV-1_reference.fasta	u3_100_rc.hmm	IN_u3
Jones	p2	GTSP4939	7	TGTCGTGAATCCGTGTGTCCNNNNNNNNNNNNCTCCGCTTAAGGGACT	GATGGGAGGACT	hg38	HIV-1_reference.fasta	u3_100_rc.hmm	IN_u3
Jones	p2	GTSP4939	8	TGTCGTGAATCCGTGTGTCCNNNNNNNNNNNNCTCCGCTTAAGGGACT	CAGAATCGCTCA	hg38	HIV-1_reference.fasta	u3_100_rc.hmm	IN_u3
Jones	p3	GTSP4940	5	GTTGCCGAACATGACGGGATNNNNNNNNNNNNCTCCGCTTAAGGGACT	TGGCACTGGTTA	hg38	HIV-1_reference.fasta	u3_100_rc.hmm	IN_u3
Jones	p3	GTSP4940	6	GTTGCCGAACATGACGGGATNNNNNNNNNNNNCTCCGCTTAAGGGACT	GGCAGTGTTAAT	hg38	HIV-1_reference.fasta	u3_100_rc.hmm	IN_u3
Jones	p3	GTSP4940	7	GTTGCCGAACATGACGGGATNNNNNNNNNNNNCTCCGCTTAAGGGACT	AACCCGTCGTCA	hg38	HIV-1_reference.fasta	u3_100_rc.hmm	IN_u3
Jones	p3	GTSP4940	8	GTTGCCGAACATGACGGGATNNNNNNNNNNNNCTCCGCTTAAGGGACT	AGAGGAGTCGAC	hg38	HIV-1_reference.fasta	u3_100_rc.hmm	IN_u3
Jones	p4	GTSP4941	5	TGTGAACGCGAGAACCTCTGNNNNNNNNNNNNCTCCGCTTAAGGGACT	TAAGTCGGCCTA	hg38	HIV-1_reference.fasta	u3_100_rc.hmm	IN_u3
Jones	p4	GTSP4941	6	TGTGAACGCGAGAACCTCTGNNNNNNNNNNNNCTCCGCTTAAGGGACT	CAGGGTAGGGTA	hg38	HIV-1_reference.fasta	u3_100_rc.hmm	IN_u3
Jones	p4	GTSP4941	7	TGTGAACGCGAGAACCTCTGNNNNNNNNNNNNCTCCGCTTAAGGGACT	CATGGGTGTTAC	hg38	HIV-1_reference.fasta	u3_100_rc.hmm	IN_u3
Jones	p4	GTSP4941	8	TGTGAACGCGAGAACCTCTGNNNNNNNNNNNNCTCCGCTTAAGGGACT	GATGCCTAATGA	hg38	HIV-1_reference.fasta	u3_100_rc.hmm	IN_u3
Jones	p5	GTSP4942	5	TCCTCGGACAGACTACCTAGNNNNNNNNNNNNCTCCGCTTAAGGGACT	ACGCTGTCGGTT	hg38	HIV-1_reference.fasta	u3_100_rc.hmm	IN_u3
Jones	p5	GTSP4942	6	TCCTCGGACAGACTACCTAGNNNNNNNNNNNNCTCCGCTTAAGGGACT	CTCGTTTCAGTT	hg38	HIV-1_reference.fasta	u3_100_rc.hmm	IN_u3
Jones	p5	GTSP4942	7	TCCTCGGACAGACTACCTAGNNNNNNNNNNNNCTCCGCTTAAGGGACT	GCGAACCTATAC	hg38	HIV-1_reference.fasta	u3_100_rc.hmm	IN_u3
Jones	p5	GTSP4942	8	TCCTCGGACAGACTACCTAGNNNNNNNNNNNNCTCCGCTTAAGGGACT	CTCTCATATGCT	hg38	HIV-1_reference.fasta	u3_100_rc.hmm	IN_u3
Jones	p6	GTSP4943	5	TACGGCGAACGACAAGGCATNNNNNNNNNNNNCTCCGCTTAAGGGACT	TACCAATCGGTG	hg38	HIV-1_reference.fasta	u3_100_rc.hmm	IN_u3
Jones	p6	GTSP4943	6	TACGGCGAACGACAAGGCATNNNNNNNNNNNNCTCCGCTTAAGGGACT	GTACTCGAACCA	hg38	HIV-1_reference.fasta	u3_100_rc.hmm	IN_u3
Jones	p6	GTSP4943	7	TACGGCGAACGACAAGGCATNNNNNNNNNNNNCTCCGCTTAAGGGACT	GACATGCGGAGA	hg38	HIV-1_reference.fasta	u3_100_rc.hmm	IN_u3
Jones	p6	GTSP4943	8	TACGGCGAACGACAAGGCATNNNNNNNNNNNNCTCCGCTTAAGGGACT	CGCACCCATACA	hg38	HIV-1_reference.fasta	u3_100_rc.hmm	IN_u3
Jones	p7	GTSP4944	5	GCGCGAATGGAAATCGGTAGNNNNNNNNNNNNCTCCGCTTAAGGGACT	ACATTGAAGCGT	hg38	HIV-1_reference.fasta	u3_100_rc.hmm	IN_u3
Jones	p7	GTSP4944	6	GCGCGAATGGAAATCGGTAGNNNNNNNNNNNNCTCCGCTTAAGGGACT	GACGACATTTAG	hg38	HIV-1_reference.fasta	u3_100_rc.hmm	IN_u3
Jones	p7	GTSP4944	7	GCGCGAATGGAAATCGGTAGNNNNNNNNNNNNCTCCGCTTAAGGGACT	CCAACTACTCGG	hg38	HIV-1_reference.fasta	u3_100_rc.hmm	IN_u3
Jones	p7	GTSP4944	8	GCGCGAATGGAAATCGGTAGNNNNNNNNNNNNCTCCGCTTAAGGGACT	CCGTTATCAGCG	hg38	HIV-1_reference.fasta	u3_100_rc.hmm	IN_u3
Jones	p8	GTSP4945	5	GAGAACGGTTGACGTGTTCGNNNNNNNNNNNNCTCCGCTTAAGGGACT	TATGGCCAAACC	hg38	HIV-1_reference.fasta	u3_100_rc.hmm	IN_u3
Jones	p8	GTSP4945	6	GAGAACGGTTGACGTGTTCGNNNNNNNNNNNNCTCCGCTTAAGGGACT	TGCCTAAGATCG	hg38	HIV-1_reference.fasta	u3_100_rc.hmm	IN_u3
Jones	p8	GTSP4945	7	GAGAACGGTTGACGTGTTCGNNNNNNNNNNNNCTCCGCTTAAGGGACT	TTAACTGGAAGC	hg38	HIV-1_reference.fasta	u3_100_rc.hmm	IN_u3
Jones	p8	GTSP4945	8	GAGAACGGTTGACGTGTTCGNNNNNNNNNNNNCTCCGCTTAAGGGACT	ATTCGAGCTGTG	hg38	HIV-1_reference.fasta	u3_100_rc.hmm	IN_u3
Jones	p9	GTSP4946	5	CCATAGCACGGGTTTACGTCNNNNNNNNNNNNCTCCGCTTAAGGGACT	GGTCTGTTGAGT	hg38	HIV-1_reference.fasta	u3_100_rc.hmm	IN_u3
Jones	p9	GTSP4946	6	CCATAGCACGGGTTTACGTCNNNNNNNNNNNNCTCCGCTTAAGGGACT	CTCGTCGACTGA	hg38	HIV-1_reference.fasta	u3_100_rc.hmm	IN_u3
Jones	p9	GTSP4946	7	CCATAGCACGGGTTTACGTCNNNNNNNNNNNNCTCCGCTTAAGGGACT	TCTTTCATACCG	hg38	HIV-1_reference.fasta	u3_100_rc.hmm	IN_u3
Jones	p9	GTSP4946	8	CCATAGCACGGGTTTACGTCNNNNNNNNNNNNCTCCGCTTAAGGGACT	CATTCCCGAAAG	hg38	HIV-1_reference.fasta	u3_100_rc.hmm	IN_u3
Jones	UninfectedControl	20220317-UninfectedControl-MN-1_u3	1	GCGGAAAGACCGATACCATCNNNNNNNNNNNNCTCCGCTTAAGGGACT	TTGTCAGCTGGA	hg38	HIV-1_reference.fasta	u3_100_rc.hmm	IN_u3
Jones	UninfectedControl	20220317-UninfectedControl-MN-2_u3	2	GCGGAAAGACCGATACCATCNNNNNNNNNNNNCTCCGCTTAAGGGACT	ATCTGCGCACCA	hg38	HIV-1_reference.fasta	u3_100_rc.hmm	IN_u3
Jones	UninfectedControl	20220317-UninfectedControl-MN-3_u3	3	GCGGAAAGACCGATACCATCNNNNNNNNNNNNCTCCGCTTAAGGGACT	CCACGTACGTAA	hg38	HIV-1_reference.fasta	u3_100_rc.hmm	IN_u3
Jones	UninfectedControl	20220317-UninfectedControl-MN-4_u3	4	GCGGAAAGACCGATACCATCNNNNNNNNNNNNCTCCGCTTAAGGGACT	ACGATATGGTCA	hg38	HIV-1_reference.fasta	u3_100_rc.hmm	IN_u3
Jones	NoTemplateControl	20220317-NoTemplateControl-MN-1_u3	1	CCAACGCAAGACATGCAGCANNNNNNNNNNNNCTCCGCTTAAGGGACT	GAGACAGTGGAA	hg38	HIV-1_reference.fasta	u3_100_rc.hmm	IN_u3
Jones	NoTemplateControl	20220317-NoTemplateControl-MN-2_u3	2	CCAACGCAAGACATGCAGCANNNNNNNNNNNNCTCCGCTTAAGGGACT	TCGTAGTAATGG	hg38	HIV-1_reference.fasta	u3_100_rc.hmm	IN_u3
Jones	NoTemplateControl	20220317-NoTemplateControl-MN-3_u3	3	CCAACGCAAGACATGCAGCANNNNNNNNNNNNCTCCGCTTAAGGGACT	CTATCGGAAGAT	hg38	HIV-1_reference.fasta	u3_100_rc.hmm	IN_u3
Jones	NoTemplateControl	20220317-NoTemplateControl-MN-4_u3	4	CCAACGCAAGACATGCAGCANNNNNNNNNNNNCTCCGCTTAAGGGACT	CGGATTGCTGTA	hg38	HIV-1_reference.fasta	u3_100_rc.hmm	IN_u3
Jones	p6	GTSP4943	11	TACGGCGAACGACAAGGCATNNNNNNNNNNNNCTCCGCTTAAGGGACT	AACCCTAACTGG	hg38	HIV-1_reference.fasta	u5_100.hmm	IN_u5
Jones	p6	GTSP4943	12	TACGGCGAACGACAAGGCATNNNNNNNNNNNNCTCCGCTTAAGGGACT	TCCATACCGGAA	hg38	HIV-1_reference.fasta	u5_100.hmm	IN_u5
Jones	p6	GTSP4943	13	TACGGCGAACGACAAGGCATNNNNNNNNNNNNCTCCGCTTAAGGGACT	GACACCACAATA	hg38	HIV-1_reference.fasta	u5_100.hmm	IN_u5
Jones	p6	GTSP4943	14	TACGGCGAACGACAAGGCATNNNNNNNNNNNNCTCCGCTTAAGGGACT	CGATTTAGGCCA	hg38	HIV-1_reference.fasta	u5_100.hmm	IN_u5
Jones	p7	GTSP4944	11	GCGCGAATGGAAATCGGTAGNNNNNNNNNNNNCTCCGCTTAAGGGACT	AGGATATTCGTG	hg38	HIV-1_reference.fasta	u5_100.hmm	IN_u5
Jones	p7	GTSP4944	12	GCGCGAATGGAAATCGGTAGNNNNNNNNNNNNCTCCGCTTAAGGGACT	CAATACGACCGT	hg38	HIV-1_reference.fasta	u5_100.hmm	IN_u5
Jones	p7	GTSP4944	13	GCGCGAATGGAAATCGGTAGNNNNNNNNNNNNCTCCGCTTAAGGGACT	GACTCCTAGACC	hg38	HIV-1_reference.fasta	u5_100.hmm	IN_u5
Jones	p7	GTSP4944	14	GCGCGAATGGAAATCGGTAGNNNNNNNNNNNNCTCCGCTTAAGGGACT	AAGGCAAGAAGA	hg38	HIV-1_reference.fasta	u5_100.hmm	IN_u5
Jones	p8	GTSP4945	11	GAGAACGGTTGACGTGTTCGNNNNNNNNNNNNCTCCGCTTAAGGGACT	ACGAGGAGTCGA	hg38	HIV-1_reference.fasta	u5_100.hmm	IN_u5
Jones	p8	GTSP4945	12	GAGAACGGTTGACGTGTTCGNNNNNNNNNNNNCTCCGCTTAAGGGACT	TCAGCTGACTAG	hg38	HIV-1_reference.fasta	u5_100.hmm	IN_u5
Jones	p8	GTSP4945	13	GAGAACGGTTGACGTGTTCGNNNNNNNNNNNNCTCCGCTTAAGGGACT	ACCTGATCCGCA	hg38	HIV-1_reference.fasta	u5_100.hmm	IN_u5
Jones	p8	GTSP4945	14	GAGAACGGTTGACGTGTTCGNNNNNNNNNNNNCTCCGCTTAAGGGACT	CAAGCTAGCTGT	hg38	HIV-1_reference.fasta	u5_100.hmm	IN_u5
Jones	p9	GTSP4946	11	CCATAGCACGGGTTTACGTCNNNNNNNNNNNNCTCCGCTTAAGGGACT	GTGGATAAACTC	hg38	HIV-1_reference.fasta	u5_100.hmm	IN_u5
Jones	p9	GTSP4946	12	CCATAGCACGGGTTTACGTCNNNNNNNNNNNNCTCCGCTTAAGGGACT	GGTACAATGATC	hg38	HIV-1_reference.fasta	u5_100.hmm	IN_u5
Jones	p9	GTSP4946	13	CCATAGCACGGGTTTACGTCNNNNNNNNNNNNCTCCGCTTAAGGGACT	ACTGTCGCAGTA	hg38	HIV-1_reference.fasta	u5_100.hmm	IN_u5
Jones	p9	GTSP4946	14	CCATAGCACGGGTTTACGTCNNNNNNNNNNNNCTCCGCTTAAGGGACT	CATCCTGAGCAA	hg38	HIV-1_reference.fasta	u5_100.hmm	IN_u5
Jones	UninfectedControl	20220608-UninfectedControl-1_u5	11	GCGGAAAGACCGATACCATCNNNNNNNNNNNNCTCCGCTTAAGGGACT	CAACATCGTAGC	hg38	HIV-1_reference.fasta	u5_100.hmm	IN_u5
Jones	UninfectedControl	20220608-UninfectedControl-2_u5	12	GCGGAAAGACCGATACCATCNNNNNNNNNNNNCTCCGCTTAAGGGACT	TATCGCGCGATA	hg38	HIV-1_reference.fasta	u5_100.hmm	IN_u5
Jones	UninfectedControl	20220608-UninfectedControl-3_u5	13	GCGGAAAGACCGATACCATCNNNNNNNNNNNNCTCCGCTTAAGGGACT	TACGGTCTGGAT	hg38	HIV-1_reference.fasta	u5_100.hmm	IN_u5
Jones	UninfectedControl	20220608-UninfectedControl-4_u5	14	GCGGAAAGACCGATACCATCNNNNNNNNNNNNCTCCGCTTAAGGGACT	TCGTTCAGGACC	hg38	HIV-1_reference.fasta	u5_100.hmm	IN_u5
Jones	NoTemplateControl	20220608-NoTemplateControl-1_u5	11	CCAACGCAAGACATGCAGCANNNNNNNNNNNNCTCCGCTTAAGGGACT	TGATCCGGGTAT	hg38	HIV-1_reference.fasta	u5_100.hmm	IN_u5
Jones	NoTemplateControl	20220608-NoTemplateControl-2_u5	12	CCAACGCAAGACATGCAGCANNNNNNNNNNNNCTCCGCTTAAGGGACT	CTTCTTCGCCCT	hg38	HIV-1_reference.fasta	u5_100.hmm	IN_u5
Jones	NoTemplateControl	20220608-NoTemplateControl-3_u5	13	CCAACGCAAGACATGCAGCANNNNNNNNNNNNCTCCGCTTAAGGGACT	CAGGCATAACAT	hg38	HIV-1_reference.fasta	u5_100.hmm	IN_u5
Jones	NoTemplateControl	20220608-NoTemplateControl-4_u5	14	CCAACGCAAGACATGCAGCANNNNNNNNNNNNCTCCGCTTAAGGGACT	ATGTGGCGTGTT	hg38	HIV-1_reference.fasta	u5_100.hmm	IN_u5
Jones	p6	GTSP4943	15	TACGGCGAACGACAAGGCATNNNNNNNNNNNNCTCCGCTTAAGGGACT	TTAAACCGCGCC	hg38	HIV-1_reference.fasta	u3_100_rc.hmm	IN_u3
Jones	p6	GTSP4943	16	TACGGCGAACGACAAGGCATNNNNNNNNNNNNCTCCGCTTAAGGGACT	CTTGCATACCGG	hg38	HIV-1_reference.fasta	u3_100_rc.hmm	IN_u3
Jones	p6	GTSP4943	17	TACGGCGAACGACAAGGCATNNNNNNNNNNNNCTCCGCTTAAGGGACT	GTGCACGATAAT	hg38	HIV-1_reference.fasta	u3_100_rc.hmm	IN_u3
Jones	p6	GTSP4943	18	TACGGCGAACGACAAGGCATNNNNNNNNNNNNCTCCGCTTAAGGGACT	GGTCTAGGTCTA	hg38	HIV-1_reference.fasta	u3_100_rc.hmm	IN_u3
Jones	p7	GTSP4944	15	GCGCGAATGGAAATCGGTAGNNNNNNNNNNNNCTCCGCTTAAGGGACT	TCAGGACGTATC	hg38	HIV-1_reference.fasta	u3_100_rc.hmm	IN_u3
Jones	p7	GTSP4944	16	GCGCGAATGGAAATCGGTAGNNNNNNNNNNNNCTCCGCTTAAGGGACT	GAAAGGTGAGAA	hg38	HIV-1_reference.fasta	u3_100_rc.hmm	IN_u3
Jones	p7	GTSP4944	17	GCGCGAATGGAAATCGGTAGNNNNNNNNNNNNCTCCGCTTAAGGGACT	GAATATACCTGG	hg38	HIV-1_reference.fasta	u3_100_rc.hmm	IN_u3
Jones	p7	GTSP4944	18	GCGCGAATGGAAATCGGTAGNNNNNNNNNNNNCTCCGCTTAAGGGACT	GTCGCTTGCACA	hg38	HIV-1_reference.fasta	u3_100_rc.hmm	IN_u3
Jones	p8	GTSP4945	15	GAGAACGGTTGACGTGTTCGNNNNNNNNNNNNCTCCGCTTAAGGGACT	TCTACCACGAAG	hg38	HIV-1_reference.fasta	u3_100_rc.hmm	IN_u3
Jones	p8	GTSP4945	16	GAGAACGGTTGACGTGTTCGNNNNNNNNNNNNCTCCGCTTAAGGGACT	AATATCGGGATC	hg38	HIV-1_reference.fasta	u3_100_rc.hmm	IN_u3
Jones	p8	GTSP4945	17	GAGAACGGTTGACGTGTTCGNNNNNNNNNNNNCTCCGCTTAAGGGACT	TAGTGCATTCGG	hg38	HIV-1_reference.fasta	u3_100_rc.hmm	IN_u3
Jones	p8	GTSP4945	18	GAGAACGGTTGACGTGTTCGNNNNNNNNNNNNCTCCGCTTAAGGGACT	TCAATGACCGCA	hg38	HIV-1_reference.fasta	u3_100_rc.hmm	IN_u3
Jones	p9	GTSP4946	15	CCATAGCACGGGTTTACGTCNNNNNNNNNNNNCTCCGCTTAAGGGACT	CTATCGGAAGAT	hg38	HIV-1_reference.fasta	u3_100_rc.hmm	IN_u3
Jones	p9	GTSP4946	16	CCATAGCACGGGTTTACGTCNNNNNNNNNNNNCTCCGCTTAAGGGACT	CGGATTGCTGTA	hg38	HIV-1_reference.fasta	u3_100_rc.hmm	IN_u3
Jones	p9	GTSP4946	17	CCATAGCACGGGTTTACGTCNNNNNNNNNNNNCTCCGCTTAAGGGACT	GGTACTGTACCA	hg38	HIV-1_reference.fasta	u3_100_rc.hmm	IN_u3
Jones	p9	GTSP4946	18	CCATAGCACGGGTTTACGTCNNNNNNNNNNNNCTCCGCTTAAGGGACT	ATCGAATCGAGT	hg38	HIV-1_reference.fasta	u3_100_rc.hmm	IN_u3
Jones	UninfectedControl	20220608-UninfectedControl-1_u3	11	GCGGAAAGACCGATACCATCNNNNNNNNNNNNCTCCGCTTAAGGGACT	CTAGCAGTATGA	hg38	HIV-1_reference.fasta	u3_100_rc.hmm	IN_u3
Jones	UninfectedControl	20220608-UninfectedControl-2_u3	12	GCGGAAAGACCGATACCATCNNNNNNNNNNNNCTCCGCTTAAGGGACT	GTTAATGGCAGT	hg38	HIV-1_reference.fasta	u3_100_rc.hmm	IN_u3
Jones	UninfectedControl	20220608-UninfectedControl-3_u3	13	GCGGAAAGACCGATACCATCNNNNNNNNNNNNCTCCGCTTAAGGGACT	GTATGGAGCTAT	hg38	HIV-1_reference.fasta	u3_100_rc.hmm	IN_u3
Jones	UninfectedControl	20220608-UninfectedControl-4_u3	14	GCGGAAAGACCGATACCATCNNNNNNNNNNNNCTCCGCTTAAGGGACT	CCTTCTGTATAC	hg38	HIV-1_reference.fasta	u3_100_rc.hmm	IN_u3
Jones	NoTemplateControl	20220608-NoTemplateControl-1_u3	11	CCAACGCAAGACATGCAGCANNNNNNNNNNNNCTCCGCTTAAGGGACT	ACGCTGTCGGTT	hg38	HIV-1_reference.fasta	u3_100_rc.hmm	IN_u3
Jones	NoTemplateControl	20220608-NoTemplateControl-2_u3	12	CCAACGCAAGACATGCAGCANNNNNNNNNNNNCTCCGCTTAAGGGACT	CTCGTTTCAGTT	hg38	HIV-1_reference.fasta	u3_100_rc.hmm	IN_u3
Jones	NoTemplateControl	20220608-NoTemplateControl-3_u3	13	CCAACGCAAGACATGCAGCANNNNNNNNNNNNCTCCGCTTAAGGGACT	GCGAACCTATAC	hg38	HIV-1_reference.fasta	u3_100_rc.hmm	IN_u3
Jones	NoTemplateControl	20220608-NoTemplateControl-4_u3	14	CCAACGCAAGACATGCAGCANNNNNNNNNNNNCTCCGCTTAAGGGACT	CTCTCATATGCT	hg38	HIV-1_reference.fasta	u3_100_rc.hmm	IN_u3
