trial	subject	sample	replicate	adriftRead.linkerBarcode.start	adriftRead.linkerBarcode.end	adriftRead.linker.seq	index1.seq	refGenome.id	adriftRead.linkerRandomID.start	adriftRead.linkerRandomID.end	vectorFastaFile	anchorRead.startSeq	flags
Encoded	tumor1_1	GTSP4898	1	1	20	GTCAGCACTATCGGACCATCNNNNNNNNNNNNCTCCGCTTAAGGGACT	TCGTTGGATGGT	macFas6_alu_before_MALAT1_site	21	32	Encoded.ALUs_masked.fasta	TCTGCGCGCTCGCTC	AAV
Encoded	tumor1_1	GTSP4898	2	1	20	GTCAGCACTATCGGACCATCNNNNNNNNNNNNCTCCGCTTAAGGGACT	TCCTCCTATTGC	macFas6_alu_before_MALAT1_site	21	32	Encoded.ALUs_masked.fasta	TCTGCGCGCTCGCTC	AAV
Encoded	tumor1_1	GTSP4898	3	1	20	GTCAGCACTATCGGACCATCNNNNNNNNNNNNCTCCGCTTAAGGGACT	AGTGACGTTCGG	macFas6_alu_before_MALAT1_site	21	32	Encoded.ALUs_masked.fasta	TCTGCGCGCTCGCTC	AAV
Encoded	tumor1_1	GTSP4898	4	1	20	GTCAGCACTATCGGACCATCNNNNNNNNNNNNCTCCGCTTAAGGGACT	TGGTGTTGGTGT	macFas6_alu_before_MALAT1_site	21	32	Encoded.ALUs_masked.fasta	TCTGCGCGCTCGCTC	AAV
Encoded	tumor1_2	GTSP4899	1	1	20	ATCCTCGCAGGTACACGTTGNNNNNNNNNNNNCTCCGCTTAAGGGACT	CCTATGTGATGG	macFas6_alu_before_MALAT1_site	21	32	Encoded.ALUs_masked.fasta	TCTGCGCGCTCGCTC	AAV
Encoded	tumor1_2	GTSP4899	2	1	20	ATCCTCGCAGGTACACGTTGNNNNNNNNNNNNCTCCGCTTAAGGGACT	TTCTCCGTGTCG	macFas6_alu_before_MALAT1_site	21	32	Encoded.ALUs_masked.fasta	TCTGCGCGCTCGCTC	AAV
Encoded	tumor1_2	GTSP4899	3	1	20	ATCCTCGCAGGTACACGTTGNNNNNNNNNNNNCTCCGCTTAAGGGACT	TGTCATAGGTTC	macFas6_alu_before_MALAT1_site	21	32	Encoded.ALUs_masked.fasta	TCTGCGCGCTCGCTC	AAV
Encoded	tumor1_2	GTSP4899	4	1	20	ATCCTCGCAGGTACACGTTGNNNNNNNNNNNNCTCCGCTTAAGGGACT	TATTACCGGCAT	macFas6_alu_before_MALAT1_site	21	32	Encoded.ALUs_masked.fasta	TCTGCGCGCTCGCTC	AAV
Encoded	tumor2_1	GTSP4900	1	1	20	GATCAGCGTGGTCTAACCGANNNNNNNNNNNNCTCCGCTTAAGGGACT	GTAGAGCTGTTC	macFas6_alu_before_MALAT1_site	21	32	Encoded.ALUs_masked.fasta	TCTGCGCGCTCGCTC	AAV
Encoded	tumor2_1	GTSP4900	2	1	20	GATCAGCGTGGTCTAACCGANNNNNNNNNNNNCTCCGCTTAAGGGACT	GGTATGACTCAC	macFas6_alu_before_MALAT1_site	21	32	Encoded.ALUs_masked.fasta	TCTGCGCGCTCGCTC	AAV
Encoded	tumor2_1	GTSP4900	3	1	20	GATCAGCGTGGTCTAACCGANNNNNNNNNNNNCTCCGCTTAAGGGACT	CAGTAACGGCCA	macFas6_alu_before_MALAT1_site	21	32	Encoded.ALUs_masked.fasta	TCTGCGCGCTCGCTC	AAV
Encoded	tumor2_1	GTSP4900	4	1	20	GATCAGCGTGGTCTAACCGANNNNNNNNNNNNCTCCGCTTAAGGGACT	ATGGCAGCTCTA	macFas6_alu_before_MALAT1_site	21	32	Encoded.ALUs_masked.fasta	TCTGCGCGCTCGCTC	AAV
Encoded	tumor2_2	GTSP4901	1	1	20	GACAGACCGCAAACAGTTGGNNNNNNNNNNNNCTCCGCTTAAGGGACT	TTGCCACTAGAT	macFas6_alu_before_MALAT1_site	21	32	Encoded.ALUs_masked.fasta	TCTGCGCGCTCGCTC	AAV
Encoded	tumor2_2	GTSP4901	2	1	20	GACAGACCGCAAACAGTTGGNNNNNNNNNNNNCTCCGCTTAAGGGACT	TCCCATTGAAGG	macFas6_alu_before_MALAT1_site	21	32	Encoded.ALUs_masked.fasta	TCTGCGCGCTCGCTC	AAV
Encoded	tumor2_2	GTSP4901	3	1	20	GACAGACCGCAAACAGTTGGNNNNNNNNNNNNCTCCGCTTAAGGGACT	CGATGTCGTCAA	macFas6_alu_before_MALAT1_site	21	32	Encoded.ALUs_masked.fasta	TCTGCGCGCTCGCTC	AAV
Encoded	tumor2_2	GTSP4901	4	1	20	GACAGACCGCAAACAGTTGGNNNNNNNNNNNNCTCCGCTTAAGGGACT	TGCTCAGTATGT	macFas6_alu_before_MALAT1_site	21	32	Encoded.ALUs_masked.fasta	TCTGCGCGCTCGCTC	AAV
Encoded	nonTumor1_1	GTSP4902	1	1	20	ACGAGGCAAACACTGCGCATNNNNNNNNNNNNCTCCGCTTAAGGGACT	CATAGTTTAGCC	macFas6_alu_before_MALAT1_site	21	32	Encoded.ALUs_masked.fasta	TCTGCGCGCTCGCTC	AAV
Encoded	nonTumor1_1	GTSP4902	2	1	20	ACGAGGCAAACACTGCGCATNNNNNNNNNNNNCTCCGCTTAAGGGACT	GGCTCTGCTCTT	macFas6_alu_before_MALAT1_site	21	32	Encoded.ALUs_masked.fasta	TCTGCGCGCTCGCTC	AAV
Encoded	nonTumor1_1	GTSP4902	3	1	20	ACGAGGCAAACACTGCGCATNNNNNNNNNNNNCTCCGCTTAAGGGACT	CGTGATCTCTCC	macFas6_alu_before_MALAT1_site	21	32	Encoded.ALUs_masked.fasta	TCTGCGCGCTCGCTC	AAV
Encoded	nonTumor1_1	GTSP4902	4	1	20	ACGAGGCAAACACTGCGCATNNNNNNNNNNNNCTCCGCTTAAGGGACT	TTCACGGGTTGA	macFas6_alu_before_MALAT1_site	21	32	Encoded.ALUs_masked.fasta	TCTGCGCGCTCGCTC	AAV
Encoded	nonTumor1_2	GTSP4903	1	1	20	TGACCCGATGCGTAAAGGCANNNNNNNNNNNNCTCCGCTTAAGGGACT	CGTGTTTCAAAC	macFas6_alu_before_MALAT1_site	21	32	Encoded.ALUs_masked.fasta	TCTGCGCGCTCGCTC	AAV
Encoded	nonTumor1_2	GTSP4903	2	1	20	TGACCCGATGCGTAAAGGCANNNNNNNNNNNNCTCCGCTTAAGGGACT	ACCTGTCTCTCT	macFas6_alu_before_MALAT1_site	21	32	Encoded.ALUs_masked.fasta	TCTGCGCGCTCGCTC	AAV
Encoded	nonTumor1_2	GTSP4903	3	1	20	TGACCCGATGCGTAAAGGCANNNNNNNNNNNNCTCCGCTTAAGGGACT	ATGCACTGGCGA	macFas6_alu_before_MALAT1_site	21	32	Encoded.ALUs_masked.fasta	TCTGCGCGCTCGCTC	AAV
Encoded	nonTumor1_2	GTSP4903	4	1	20	TGACCCGATGCGTAAAGGCANNNNNNNNNNNNCTCCGCTTAAGGGACT	AGAGTCCTGAGC	macFas6_alu_before_MALAT1_site	21	32	Encoded.ALUs_masked.fasta	TCTGCGCGCTCGCTC	AAV
Encoded	nonTumor2_1	GTSP4904	1	1	20	CCGCGTGTCTTAACAGTCGTNNNNNNNNNNNNCTCCGCTTAAGGGACT	GCACCCAAAGTG	macFas6_alu_before_MALAT1_site	21	32	Encoded.ALUs_masked.fasta	TCTGCGCGCTCGCTC	AAV
Encoded	nonTumor2_1	GTSP4904	2	1	20	CCGCGTGTCTTAACAGTCGTNNNNNNNNNNNNCTCCGCTTAAGGGACT	TGCCAGGCTAGA	macFas6_alu_before_MALAT1_site	21	32	Encoded.ALUs_masked.fasta	TCTGCGCGCTCGCTC	AAV
Encoded	nonTumor2_1	GTSP4904	3	1	20	CCGCGTGTCTTAACAGTCGTNNNNNNNNNNNNCTCCGCTTAAGGGACT	ACGCATTGCATT	macFas6_alu_before_MALAT1_site	21	32	Encoded.ALUs_masked.fasta	TCTGCGCGCTCGCTC	AAV
Encoded	nonTumor2_1	GTSP4904	4	1	20	CCGCGTGTCTTAACAGTCGTNNNNNNNNNNNNCTCCGCTTAAGGGACT	ATGACTCATTCG	macFas6_alu_before_MALAT1_site	21	32	Encoded.ALUs_masked.fasta	TCTGCGCGCTCGCTC	AAV
Encoded	nonTumor2_2	GTSP4905	1	1	20	TACGGATGGTCTGAGGGCTTNNNNNNNNNNNNCTCCGCTTAAGGGACT	ATTCTAGCGTTG	macFas6_alu_before_MALAT1_site	21	32	Encoded.ALUs_masked.fasta	TCTGCGCGCTCGCTC	AAV
Encoded	nonTumor2_2	GTSP4905	2	1	20	TACGGATGGTCTGAGGGCTTNNNNNNNNNNNNCTCCGCTTAAGGGACT	ATGGGCTCTGAT	macFas6_alu_before_MALAT1_site	21	32	Encoded.ALUs_masked.fasta	TCTGCGCGCTCGCTC	AAV
Encoded	nonTumor2_2	GTSP4905	3	1	20	TACGGATGGTCTGAGGGCTTNNNNNNNNNNNNCTCCGCTTAAGGGACT	TGGCTCTACAGA	macFas6_alu_before_MALAT1_site	21	32	Encoded.ALUs_masked.fasta	TCTGCGCGCTCGCTC	AAV
Encoded	nonTumor2_2	GTSP4905	4	1	20	TACGGATGGTCTGAGGGCTTNNNNNNNNNNNNCTCCGCTTAAGGGACT	ACCTAGAGTCGG	macFas6_alu_before_MALAT1_site	21	32	Encoded.ALUs_masked.fasta	TCTGCGCGCTCGCTC	AAV
Encoded	Neg_FFPE_gDNA	GTSP4906	1	1	20	CGTTCTCCGACAATGGTTGGNNNNNNNNNNNNCTCCGCTTAAGGGACT	TGCTCGTAGGAT	macFas6_alu_before_MALAT1_site	21	32	Encoded.ALUs_masked.fasta	TCTGCGCGCTCGCTC	AAV
Encoded	Neg_FFPE_gDNA	GTSP4906	2	1	20	CGTTCTCCGACAATGGTTGGNNNNNNNNNNNNCTCCGCTTAAGGGACT	AGATTCGTTGTC	macFas6_alu_before_MALAT1_site	21	32	Encoded.ALUs_masked.fasta	TCTGCGCGCTCGCTC	AAV
Encoded	Neg_FFPE_gDNA	GTSP4906	3	1	20	CGTTCTCCGACAATGGTTGGNNNNNNNNNNNNCTCCGCTTAAGGGACT	GAGTCAACCGCA	macFas6_alu_before_MALAT1_site	21	32	Encoded.ALUs_masked.fasta	TCTGCGCGCTCGCTC	AAV
Encoded	Neg_FFPE_gDNA	GTSP4906	4	1	20	CGTTCTCCGACAATGGTTGGNNNNNNNNNNNNCTCCGCTTAAGGGACT	CCTTTCTTCTCA	macFas6_alu_before_MALAT1_site	21	32	Encoded.ALUs_masked.fasta	TCTGCGCGCTCGCTC	AAV
Encoded	D1_FFPE_gDNA_plasmid	GTSP4907	1	1	20	CGGTCAAGAATTGCCGAACCNNNNNNNNNNNNCTCCGCTTAAGGGACT	TCACAGATCCGA	macFas6_alu_before_MALAT1_site	21	32	Encoded.ALUs_masked.fasta	TCTGCGCGCTCGCTC	AAV
Encoded	D1_FFPE_gDNA_plasmid	GTSP4907	2	1	20	CGGTCAAGAATTGCCGAACCNNNNNNNNNNNNCTCCGCTTAAGGGACT	TAGAGTACCGGC	macFas6_alu_before_MALAT1_site	21	32	Encoded.ALUs_masked.fasta	TCTGCGCGCTCGCTC	AAV
Encoded	D1_FFPE_gDNA_plasmid	GTSP4907	3	1	20	CGGTCAAGAATTGCCGAACCNNNNNNNNNNNNCTCCGCTTAAGGGACT	GGTAATCCTGTG	macFas6_alu_before_MALAT1_site	21	32	Encoded.ALUs_masked.fasta	TCTGCGCGCTCGCTC	AAV
Encoded	D1_FFPE_gDNA_plasmid	GTSP4907	4	1	20	CGGTCAAGAATTGCCGAACCNNNNNNNNNNNNCTCCGCTTAAGGGACT	CTACTGATATCG	macFas6_alu_before_MALAT1_site	21	32	Encoded.ALUs_masked.fasta	TCTGCGCGCTCGCTC	AAV
Encoded	D2_FFPE_gDNA_plasmid	GTSP4908	1	1	20	ACTCGGTAACTCACCGGATGNNNNNNNNNNNNCTCCGCTTAAGGGACT	GCCTCCCTTATG	macFas6_alu_before_MALAT1_site	21	32	Encoded.ALUs_masked.fasta	TCTGCGCGCTCGCTC	AAV
Encoded	D2_FFPE_gDNA_plasmid	GTSP4908	2	1	20	ACTCGGTAACTCACCGGATGNNNNNNNNNNNNCTCCGCTTAAGGGACT	AGGAGTAACACA	macFas6_alu_before_MALAT1_site	21	32	Encoded.ALUs_masked.fasta	TCTGCGCGCTCGCTC	AAV
Encoded	D2_FFPE_gDNA_plasmid	GTSP4908	3	1	20	ACTCGGTAACTCACCGGATGNNNNNNNNNNNNCTCCGCTTAAGGGACT	ATTGCAGGTACC	macFas6_alu_before_MALAT1_site	21	32	Encoded.ALUs_masked.fasta	TCTGCGCGCTCGCTC	AAV
Encoded	D2_FFPE_gDNA_plasmid	GTSP4908	4	1	20	ACTCGGTAACTCACCGGATGNNNNNNNNNNNNCTCCGCTTAAGGGACT	CCTTATAGGCGA	macFas6_alu_before_MALAT1_site	21	32	Encoded.ALUs_masked.fasta	TCTGCGCGCTCGCTC	AAV
Encoded	D3_FFPE_gDNA_plasmid	GTSP4909	1	1	20	TGTCGTGAATCCGTGTGTCCNNNNNNNNNNNNCTCCGCTTAAGGGACT	GATAGTGCCACT	macFas6_alu_before_MALAT1_site	21	32	Encoded.ALUs_masked.fasta	TCTGCGCGCTCGCTC	AAV
Encoded	D3_FFPE_gDNA_plasmid	GTSP4909	2	1	20	TGTCGTGAATCCGTGTGTCCNNNNNNNNNNNNCTCCGCTTAAGGGACT	TCTATCGGGTTA	macFas6_alu_before_MALAT1_site	21	32	Encoded.ALUs_masked.fasta	TCTGCGCGCTCGCTC	AAV
Encoded	D3_FFPE_gDNA_plasmid	GTSP4909	3	1	20	TGTCGTGAATCCGTGTGTCCNNNNNNNNNNNNCTCCGCTTAAGGGACT	ACGTTAGCACAC	macFas6_alu_before_MALAT1_site	21	32	Encoded.ALUs_masked.fasta	TCTGCGCGCTCGCTC	AAV
Encoded	D3_FFPE_gDNA_plasmid	GTSP4909	4	1	20	TGTCGTGAATCCGTGTGTCCNNNNNNNNNNNNCTCCGCTTAAGGGACT	GATTGCCGCAAG	macFas6_alu_before_MALAT1_site	21	32	Encoded.ALUs_masked.fasta	TCTGCGCGCTCGCTC	AAV
Encoded	D4_FFPE_gDNA_plasmid	GTSP4910	1	1	20	AGTCCGCATTGAGCAATGGCNNNNNNNNNNNNCTCCGCTTAAGGGACT	CATCAAACCTCA	macFas6_alu_before_MALAT1_site	21	32	Encoded.ALUs_masked.fasta	TCTGCGCGCTCGCTC	AAV
Encoded	D4_FFPE_gDNA_plasmid	GTSP4910	2	1	20	AGTCCGCATTGAGCAATGGCNNNNNNNNNNNNCTCCGCTTAAGGGACT	TCGACCAGCAAT	macFas6_alu_before_MALAT1_site	21	32	Encoded.ALUs_masked.fasta	TCTGCGCGCTCGCTC	AAV
Encoded	D4_FFPE_gDNA_plasmid	GTSP4910	3	1	20	AGTCCGCATTGAGCAATGGCNNNNNNNNNNNNCTCCGCTTAAGGGACT	GTCCGGCTTCTT	macFas6_alu_before_MALAT1_site	21	32	Encoded.ALUs_masked.fasta	TCTGCGCGCTCGCTC	AAV
Encoded	D4_FFPE_gDNA_plasmid	GTSP4910	4	1	20	AGTCCGCATTGAGCAATGGCNNNNNNNNNNNNCTCCGCTTAAGGGACT	CCTGTATCCCGT	macFas6_alu_before_MALAT1_site	21	32	Encoded.ALUs_masked.fasta	TCTGCGCGCTCGCTC	AAV
Encoded	PositiveControl	PositiveControl-220222-1	1	1	20	GTTGCCGAACATGACGGGATNNNNNNNNNNNNCTCCGCTTAAGGGACT	CTAGAGACTCTT	macFas6_alu_before_MALAT1_site	21	32	Encoded.ALUs_masked.fasta	TCTGCGCGCTCGCTC	AAV
Encoded	PositiveControl	PositiveControl-220222-2	2	1	20	GTTGCCGAACATGACGGGATNNNNNNNNNNNNCTCCGCTTAAGGGACT	ACCCATGACGGA	macFas6_alu_before_MALAT1_site	21	32	Encoded.ALUs_masked.fasta	TCTGCGCGCTCGCTC	AAV
Encoded	PositiveControl	PositiveControl-220222-3	3	1	20	GTTGCCGAACATGACGGGATNNNNNNNNNNNNCTCCGCTTAAGGGACT	CTGCATAGATCT	macFas6_alu_before_MALAT1_site	21	32	Encoded.ALUs_masked.fasta	TCTGCGCGCTCGCTC	AAV
Encoded	PositiveControl	PositiveControl-220222-4	4	1	20	GTTGCCGAACATGACGGGATNNNNNNNNNNNNCTCCGCTTAAGGGACT	CTTGCCTTGTGC	macFas6_alu_before_MALAT1_site	21	32	Encoded.ALUs_masked.fasta	TCTGCGCGCTCGCTC	AAV
Encoded	NoTemplateControl	NoTemplateControl-220222-1	1	1	20	ACTGGCGTACGTCTAGGCAANNNNNNNNNNNNCTCCGCTTAAGGGACT	AAGTGTTTGCCG	macFas6_alu_before_MALAT1_site	21	32	Encoded.ALUs_masked.fasta	TCTGCGCGCTCGCTC	AAV
Encoded	NoTemplateControl	NoTemplateControl-220222-2	2	1	20	ACTGGCGTACGTCTAGGCAANNNNNNNNNNNNCTCCGCTTAAGGGACT	ACAGGAACTCGC	macFas6_alu_before_MALAT1_site	21	32	Encoded.ALUs_masked.fasta	TCTGCGCGCTCGCTC	AAV
Encoded	NoTemplateControl	NoTemplateControl-220222-3	3	1	20	ACTGGCGTACGTCTAGGCAANNNNNNNNNNNNCTCCGCTTAAGGGACT	GCCGATTCGGAA	macFas6_alu_before_MALAT1_site	21	32	Encoded.ALUs_masked.fasta	TCTGCGCGCTCGCTC	AAV
Encoded	NoTemplateControl	NoTemplateControl-220222-4	4	1	20	ACTGGCGTACGTCTAGGCAANNNNNNNNNNNNCTCCGCTTAAGGGACT	TCTCACTAGGTA	macFas6_alu_before_MALAT1_site	21	32	Encoded.ALUs_masked.fasta	TCTGCGCGCTCGCTC	AAV
