trial	subject	sample	replicate	adriftRead.linkerBarcode.start	adriftRead.linkerBarcode.end	adriftRead.linker.seq	index1.seq	refGenome.id	adriftRead.linkerRandomID.start	adriftRead.linkerRandomID.end	vectorFastaFile	flags
Persaud_HIV	p301B	GTSP3972	5	1	20	TCGAAAGGGCATCAACGCGANNNNNNNNNNNNCTCCGCTTAAGGGACT	AACTATAGCCCT	hg38	21	32	u5_100_v1.fasta	HIV_u5
Persaud_HIV	p301B	GTSP3972	6	1	20	TCGAAAGGGCATCAACGCGANNNNNNNNNNNNCTCCGCTTAAGGGACT	GCTTGCGAGACA	hg38	21	32	u5_100_v1.fasta	HIV_u5
Persaud_HIV	p301B	GTSP3972	7	1	20	TCGAAAGGGCATCAACGCGANNNNNNNNNNNNCTCCGCTTAAGGGACT	GATATGCGGCTG	hg38	21	32	u5_100_v1.fasta	HIV_u5
Persaud_HIV	p301B	GTSP3972	8	1	20	TCGAAAGGGCATCAACGCGANNNNNNNNNNNNCTCCGCTTAAGGGACT	TGCGAACGTATC	hg38	21	32	u5_100_v1.fasta	HIV_u5
Persaud_HIV	p304G	GTSP3973	5	1	20	AGCAGGTCCGAAATTCTCGGNNNNNNNNNNNNCTCCGCTTAAGGGACT	GGCGAATCTTGG	hg38	21	32	u5_100_v1.fasta	HIV_u5
Persaud_HIV	p304G	GTSP3973	6	1	20	AGCAGGTCCGAAATTCTCGGNNNNNNNNNNNNCTCCGCTTAAGGGACT	TAAATCAGCCTC	hg38	21	32	u5_100_v1.fasta	HIV_u5
Persaud_HIV	p304G	GTSP3973	7	1	20	AGCAGGTCCGAAATTCTCGGNNNNNNNNNNNNCTCCGCTTAAGGGACT	TGATGCTAACTC	hg38	21	32	u5_100_v1.fasta	HIV_u5
Persaud_HIV	p304G	GTSP3973	8	1	20	AGCAGGTCCGAAATTCTCGGNNNNNNNNNNNNCTCCGCTTAAGGGACT	GCCTATACTACA	hg38	21	32	u5_100_v1.fasta	HIV_u5
Persaud_HIV	PositiveControl	20211208-PositiveControl-1_u5	1	1	20	ACCACTAATACGCCTGACGGNNNNNNNNNNNNCTCCGCTTAAGGGACT	GCATTGCGTGAG	hg38	21	32	u5_100_v1.fasta	HIV_u5
Persaud_HIV	PositiveControl	20211208-PositiveControl-2_u5	2	1	20	ACCACTAATACGCCTGACGGNNNNNNNNNNNNCTCCGCTTAAGGGACT	ATTTCACGGGAC	hg38	21	32	u5_100_v1.fasta	HIV_u5
Persaud_HIV	PositiveControl	20211208-PositiveControl-3_u5	3	1	20	ACCACTAATACGCCTGACGGNNNNNNNNNNNNCTCCGCTTAAGGGACT	AATACACTGTCC	hg38	21	32	u5_100_v1.fasta	HIV_u5
Persaud_HIV	PositiveControl	20211208-PositiveControl-4_u5	4	1	20	ACCACTAATACGCCTGACGGNNNNNNNNNNNNCTCCGCTTAAGGGACT	CTATAGTCGTGT	hg38	21	32	u5_100_v1.fasta	HIV_u5
Persaud_HIV	NoTemplateControl	20211208-NoTemplateControl-1_u5	1	1	20	TCCACGGTCGTAATTGCTCGNNNNNNNNNNNNCTCCGCTTAAGGGACT	AAGCACCTACAC	hg38	21	32	u5_100_v1.fasta	HIV_u5
Persaud_HIV	NoTemplateControl	20211208-NoTemplateControl-2_u5	2	1	20	TCCACGGTCGTAATTGCTCGNNNNNNNNNNNNCTCCGCTTAAGGGACT	GACGCTAGTTCA	hg38	21	32	u5_100_v1.fasta	HIV_u5
Persaud_HIV	NoTemplateControl	20211208-NoTemplateControl-3_u5	3	1	20	TCCACGGTCGTAATTGCTCGNNNNNNNNNNNNCTCCGCTTAAGGGACT	TGGTGACTCGGA	hg38	21	32	u5_100_v1.fasta	HIV_u5
Persaud_HIV	NoTemplateControl	20211208-NoTemplateControl-4_u5	4	1	20	TCCACGGTCGTAATTGCTCGNNNNNNNNNNNNCTCCGCTTAAGGGACT	GACCAAAGAGGA	hg38	21	32	u5_100_v1.fasta	HIV_u5
Persaud_HIV	p301B	GTSP3972	5	1	20	TCGAAAGGGCATCAACGCGANNNNNNNNNNNNCTCCGCTTAAGGGACT	GCCAAGCTACAG	hg38	21	32	u3_100_v1.fasta	HIV_u3
Persaud_HIV	p301B	GTSP3972	6	1	20	TCGAAAGGGCATCAACGCGANNNNNNNNNNNNCTCCGCTTAAGGGACT	CTTACGAGGCAT	hg38	21	32	u3_100_v1.fasta	HIV_u3
Persaud_HIV	p301B	GTSP3972	7	1	20	TCGAAAGGGCATCAACGCGANNNNNNNNNNNNCTCCGCTTAAGGGACT	TTCACCATAGGT	hg38	21	32	u3_100_v1.fasta	HIV_u3
Persaud_HIV	p301B	GTSP3972	8	1	20	TCGAAAGGGCATCAACGCGANNNNNNNNNNNNCTCCGCTTAAGGGACT	TCGCTGTAACAG	hg38	21	32	u3_100_v1.fasta	HIV_u3
Persaud_HIV	p304G	GTSP3973	5	1	20	AGCAGGTCCGAAATTCTCGGNNNNNNNNNNNNCTCCGCTTAAGGGACT	AAGGCCTGACTG	hg38	21	32	u3_100_v1.fasta	HIV_u3
Persaud_HIV	p304G	GTSP3973	6	1	20	AGCAGGTCCGAAATTCTCGGNNNNNNNNNNNNCTCCGCTTAAGGGACT	ATGCAGCTCAGT	hg38	21	32	u3_100_v1.fasta	HIV_u3
Persaud_HIV	p304G	GTSP3973	7	1	20	AGCAGGTCCGAAATTCTCGGNNNNNNNNNNNNCTCCGCTTAAGGGACT	GGTAGACTTCGT	hg38	21	32	u3_100_v1.fasta	HIV_u3
Persaud_HIV	p304G	GTSP3973	8	1	20	AGCAGGTCCGAAATTCTCGGNNNNNNNNNNNNCTCCGCTTAAGGGACT	GAGAAAGACGGT	hg38	21	32	u3_100_v1.fasta	HIV_u3
Persaud_HIV	UninfectedControl	20211208-UninfectedControl-1_u3	1	1	20	ACCACTAATACGCCTGACGGNNNNNNNNNNNNCTCCGCTTAAGGGACT	CGCAGACAGACT	hg38	21	32	u3_100_v1.fasta	HIV_u3
Persaud_HIV	UninfectedControl	20211208-UninfectedControl-2_u3	2	1	20	ACCACTAATACGCCTGACGGNNNNNNNNNNNNCTCCGCTTAAGGGACT	ACTTGAGTGCGG	hg38	21	32	u3_100_v1.fasta	HIV_u3
Persaud_HIV	UninfectedControl	20211208-UninfectedControl-3_u3	3	1	20	ACCACTAATACGCCTGACGGNNNNNNNNNNNNCTCCGCTTAAGGGACT	GGAGTTTCCACA	hg38	21	32	u3_100_v1.fasta	HIV_u3
Persaud_HIV	UninfectedControl	20211208-UninfectedControl-4_u3	4	1	20	ACCACTAATACGCCTGACGGNNNNNNNNNNNNCTCCGCTTAAGGGACT	GAACCTGCCTAA	hg38	21	32	u3_100_v1.fasta	HIV_u3
Persaud_HIV	NoTemplateControl	20211208-NoTemplateControl-1_u3	1	1	20	TCCACGGTCGTAATTGCTCGNNNNNNNNNNNNCTCCGCTTAAGGGACT	CCAGTAGTCTTA	hg38	21	32	u3_100_v1.fasta	HIV_u3
Persaud_HIV	NoTemplateControl	20211208-NoTemplateControl-2_u3	2	1	20	TCCACGGTCGTAATTGCTCGNNNNNNNNNNNNCTCCGCTTAAGGGACT	TGAAACTTCGCG	hg38	21	32	u3_100_v1.fasta	HIV_u3
Persaud_HIV	NoTemplateControl	20211208-NoTemplateControl-3_u3	3	1	20	TCCACGGTCGTAATTGCTCGNNNNNNNNNNNNCTCCGCTTAAGGGACT	GGCAGTGTATCG	hg38	21	32	u3_100_v1.fasta	HIV_u3
Persaud_HIV	NoTemplateControl	20211208-NoTemplateControl-4_u3	4	1	20	TCCACGGTCGTAATTGCTCGNNNNNNNNNNNNCTCCGCTTAAGGGACT	CCGGGATTTCAA	hg38	21	32	u3_100_v1.fasta	HIV_u3
